run_id,request_id,request_num,latency,timestamp
1692909409,1692909409-1,1,2782.2811603546143,2023-08-24 13:36:52
1692909409,1692909409-2,2,3323.399305343628,2023-08-24 13:36:55
1692909409,1692909409-3,3,2809.006690979004,2023-08-24 13:36:58
1692909409,1692909409-4,4,2623.2707500457764,2023-08-24 13:37:01
1692909409,1692909409-5,5,2648.829460144043,2023-08-24 13:37:04
1692909409,1692909409-6,6,2609.7755432128906,2023-08-24 13:37:06
1692909409,1692909409-7,7,2624.6304512023926,2023-08-24 13:37:09
1692909409,1692909409-8,8,3175.0669479370117,2023-08-24 13:37:12
1692909409,1692909409-9,9,2657.257318496704,2023-08-24 13:37:15
1692909409,1692909409-10,10,2657.4299335479736,2023-08-24 13:37:17
1692909409,1692909409-11,11,2718.1596755981445,2023-08-24 13:37:20
1692909409,1692909409-12,12,2672.0821857452393,2023-08-24 13:37:23
1692909409,1692909409-13,13,2792.1879291534424,2023-08-24 13:37:25
1692909409,1692909409-14,14,2625.2548694610596,2023-08-24 13:37:28
1692909409,1692909409-15,15,2646.9109058380127,2023-08-24 13:37:31
1692909409,1692909409-16,16,2624.866724014282,2023-08-24 13:37:33
1692909409,1692909409-17,17,3014.289379119873,2023-08-24 13:37:36
1692909409,1692909409-18,18,2642.1663761138916,2023-08-24 13:37:39
1692909409,1692909409-19,19,2631.075143814087,2023-08-24 13:37:42
1692909409,1692909409-20,20,2604.830026626587,2023-08-24 13:37:44
1692909409,1692909409-21,21,2697.298765182495,2023-08-24 13:37:47
1692909409,1692909409-22,22,2609.854221343994,2023-08-24 13:37:50
1692909409,1692909409-23,23,2621.96683883667,2023-08-24 13:37:52
1692909409,1692909409-24,24,2653.088092803955,2023-08-24 13:37:55
1692909409,1692909409-25,25,3166.0165786743164,2023-08-24 13:37:58
1692909409,1692909409-26,26,3119.36616897583,2023-08-24 13:38:01
1692909409,1692909409-27,27,2683.039426803589,2023-08-24 13:38:04
1692909409,1692909409-28,28,2628.0462741851807,2023-08-24 13:38:06
1692909409,1692909409-29,29,2618.8929080963135,2023-08-24 13:38:09
1692909409,1692909409-30,30,2580.7323455810547,2023-08-24 13:38:12
1692909409,1692909409-31,31,2697.06392288208,2023-08-24 13:38:14
1692909409,1692909409-32,32,2622.8420734405518,2023-08-24 13:38:17
1692909409,1692909409-33,33,2615.264892578125,2023-08-24 13:38:20
1692909409,1692909409-34,34,2994.1301345825195,2023-08-24 13:38:23
1692909409,1692909409-35,35,2632.6677799224854,2023-08-24 13:38:25
1692909409,1692909409-36,36,2610.6090545654297,2023-08-24 13:38:28
1692909409,1692909409-37,37,3345.62087059021,2023-08-24 13:38:31
1692909409,1692909409-38,38,2870.1465129852295,2023-08-24 13:38:34
1692909409,1692909409-39,39,2689.668655395508,2023-08-24 13:38:37
1692909409,1692909409-40,40,2601.9623279571533,2023-08-24 13:38:39
1692909409,1692909409-41,41,2832.5746059417725,2023-08-24 13:38:42
1692909409,1692909409-42,42,2734.731912612915,2023-08-24 13:38:45
1692909409,1692909409-43,43,2711.5280628204346,2023-08-24 13:38:48
1692909409,1692909409-44,44,2669.056177139282,2023-08-24 13:38:50
1692909409,1692909409-45,45,2711.749315261841,2023-08-24 13:38:53
1692909409,1692909409-46,46,2674.8409271240234,2023-08-24 13:38:56
1692909409,1692909409-47,47,2552.6957511901855,2023-08-24 13:38:58
1692909409,1692909409-48,48,2592.8425788879395,2023-08-24 13:39:01
1692909409,1692909409-49,49,2674.091339111328,2023-08-24 13:39:03
1692909409,1692909409-50,50,2611.0620498657227,2023-08-24 13:39:06
1692909409,1692909409-51,51,2660.350561141968,2023-08-24 13:39:09
1692909409,1692909409-52,52,2597.4113941192627,2023-08-24 13:39:11
1692909409,1692909409-53,53,3334.1550827026367,2023-08-24 13:39:15
1692909409,1692909409-54,54,2673.8462448120117,2023-08-24 13:39:17
1692909409,1692909409-55,55,2650.444269180298,2023-08-24 13:39:20
1692909409,1692909409-56,56,2643.325090408325,2023-08-24 13:39:23
1692909409,1692909409-57,57,2616.5008544921875,2023-08-24 13:39:25
1692909409,1692909409-58,58,2609.7073554992676,2023-08-24 13:39:28
1692909409,1692909409-59,59,2673.3908653259277,2023-08-24 13:39:31
1692909409,1692909409-60,60,3042.5777435302734,2023-08-24 13:39:34
1692909409,1692909409-61,61,2629.638433456421,2023-08-24 13:39:36
1692909409,1692909409-62,62,2762.200355529785,2023-08-24 13:39:39
1692909409,1692909409-63,63,2614.2401695251465,2023-08-24 13:39:42
1692909409,1692909409-64,64,2602.3950576782227,2023-08-24 13:39:44
1692909409,1692909409-65,65,2789.464235305786,2023-08-24 13:39:47
1692909409,1692909409-66,66,3011.277198791504,2023-08-24 13:39:50
1692909409,1692909409-67,67,2688.06529045105,2023-08-24 13:39:53
1692909409,1692909409-68,68,2957.1385383605957,2023-08-24 13:39:56
1692909409,1692909409-69,69,2614.6774291992188,2023-08-24 13:39:58
1692909409,1692909409-70,70,2694.551467895508,2023-08-24 13:40:01
1692909409,1692909409-71,71,2856.069564819336,2023-08-24 13:40:04
1692909409,1692909409-72,72,2590.627431869507,2023-08-24 13:40:06
1692909409,1692909409-73,73,2612.5054359436035,2023-08-24 13:40:09
1692909409,1692909409-74,74,2688.2991790771484,2023-08-24 13:40:12
1692909409,1692909409-75,75,3224.079132080078,2023-08-24 13:40:15
1692909409,1692909409-76,76,2629.2591094970703,2023-08-24 13:40:18
1692909409,1692909409-77,77,2612.0924949645996,2023-08-24 13:40:20
1692909409,1692909409-78,78,2634.065866470337,2023-08-24 13:40:23
1692909409,1692909409-79,79,2639.057397842407,2023-08-24 13:40:25
1692909409,1692909409-80,80,2641.623020172119,2023-08-24 13:40:28
1692909409,1692909409-81,81,2641.0646438598633,2023-08-24 13:40:31
1692909409,1692909409-82,82,2635.6406211853027,2023-08-24 13:40:33
1692909409,1692909409-83,83,2660.628080368042,2023-08-24 13:40:36
1692909409,1692909409-84,84,2611.124277114868,2023-08-24 13:40:39
1692909409,1692909409-85,85,2593.5518741607666,2023-08-24 13:40:41
1692909409,1692909409-86,86,2645.2982425689697,2023-08-24 13:40:44
1692909409,1692909409-87,87,2651.4744758605957,2023-08-24 13:40:47
1692909409,1692909409-88,88,2656.057119369507,2023-08-24 13:40:49
1692909409,1692909409-89,89,2646.165132522583,2023-08-24 13:40:52
1692909409,1692909409-90,90,2584.9769115448,2023-08-24 13:40:54
1692909409,1692909409-91,91,2609.4021797180176,2023-08-24 13:40:57
1692909409,1692909409-92,92,2607.065200805664,2023-08-24 13:41:00
1692909409,1692909409-93,93,2623.4304904937744,2023-08-24 13:41:02
1692909409,1692909409-94,94,2539.661645889282,2023-08-24 13:41:05
1692909409,1692909409-95,95,2598.4246730804443,2023-08-24 13:41:07
1692909409,1692909409-96,96,2638.0791664123535,2023-08-24 13:41:10
1692909409,1692909409-97,97,3174.006223678589,2023-08-24 13:41:13
1692909409,1692909409-98,98,2941.7877197265625,2023-08-24 13:41:16
1692909409,1692909409-99,99,2519.097328186035,2023-08-24 13:41:19
1692909409,1692909409-100,100,2585.313081741333,2023-08-24 13:41:21
1692909409,1692909409-101,101,2912.285089492798,2023-08-24 13:41:24
1692909409,1692909409-102,102,2593.639850616455,2023-08-24 13:41:27
1692909409,1692909409-103,103,2564.7222995758057,2023-08-24 13:41:29
1692909409,1692909409-104,104,3222.9015827178955,2023-08-24 13:41:33
1692909409,1692909409-105,105,2645.693778991699,2023-08-24 13:41:35
1692909409,1692909409-106,106,2859.3757152557373,2023-08-24 13:41:38
1692909409,1692909409-107,107,2616.3086891174316,2023-08-24 13:41:41
1692909409,1692909409-108,108,2578.000068664551,2023-08-24 13:41:43
1692909409,1692909409-109,109,2623.0149269104004,2023-08-24 13:41:46
1692909409,1692909409-110,110,2585.7608318328857,2023-08-24 13:41:48
1692909409,1692909409-111,111,2625.0405311584473,2023-08-24 13:41:51
1692909409,1692909409-112,112,2613.633871078491,2023-08-24 13:41:54
1692909409,1692909409-113,113,2617.008686065674,2023-08-24 13:41:56
1692909409,1692909409-114,114,2660.392999649048,2023-08-24 13:41:59
1692909409,1692909409-115,115,2639.6231651306152,2023-08-24 13:42:02
1692909409,1692909409-116,116,2552.572011947632,2023-08-24 13:42:04
1692909409,1692909409-117,117,2712.68630027771,2023-08-24 13:42:07
1692909409,1692909409-118,118,3109.8012924194336,2023-08-24 13:42:10
1692909409,1692909409-119,119,2565.8891201019287,2023-08-24 13:42:13
1692909409,1692909409-120,120,3234.290838241577,2023-08-24 13:42:16
1692909409,1692909409-121,121,2647.6223468780518,2023-08-24 13:42:18
1692909409,1692909409-122,122,2552.9863834381104,2023-08-24 13:42:21
1692909409,1692909409-123,123,2986.99951171875,2023-08-24 13:42:24
1692909409,1692909409-124,124,2575.3660202026367,2023-08-24 13:42:27
1692909409,1692909409-125,125,2610.6696128845215,2023-08-24 13:42:29
1692909409,1692909409-126,126,2645.5254554748535,2023-08-24 13:42:32
1692909409,1692909409-127,127,3598.5682010650635,2023-08-24 13:42:35
1692909409,1692909409-128,128,3126.495122909546,2023-08-24 13:42:39
1692909409,1692909409-129,129,2587.8190994262695,2023-08-24 13:42:41
1692909409,1692909409-130,130,2626.3904571533203,2023-08-24 13:42:44
1692909409,1692909409-131,131,2603.198289871216,2023-08-24 13:42:46
1692909409,1692909409-132,132,2618.4141635894775,2023-08-24 13:42:49
1692909409,1692909409-133,133,2599.8177528381348,2023-08-24 13:42:52
1692909409,1692909409-134,134,2681.8249225616455,2023-08-24 13:42:54
1692909409,1692909409-135,135,2581.4225673675537,2023-08-24 13:42:57
1692909409,1692909409-136,136,2645.479202270508,2023-08-24 13:42:59
1692909409,1692909409-137,137,2607.3532104492188,2023-08-24 13:43:02
1692909409,1692909409-138,138,2624.4843006134033,2023-08-24 13:43:05
1692909409,1692909409-139,139,2636.0955238342285,2023-08-24 13:43:07
1692909409,1692909409-140,140,2576.6403675079346,2023-08-24 13:43:10
1692909409,1692909409-141,141,3132.9236030578613,2023-08-24 13:43:13
1692909409,1692909409-142,142,3229.0749549865723,2023-08-24 13:43:16
1692909409,1692909409-143,143,2579.143524169922,2023-08-24 13:43:19
1692909409,1692909409-144,144,2818.279504776001,2023-08-24 13:43:22
1692909409,1692909409-145,145,2588.0444049835205,2023-08-24 13:43:24
1692909409,1692909409-146,146,2579.4005393981934,2023-08-24 13:43:27
1692909409,1692909409-147,147,2836.9925022125244,2023-08-24 13:43:30
1692909409,1692909409-148,148,2633.450746536255,2023-08-24 13:43:32
1692909409,1692909409-149,149,2677.2258281707764,2023-08-24 13:43:35
1692909409,1692909409-150,150,2831.0043811798096,2023-08-24 13:43:38
1692909409,1692909409-151,151,3325.7672786712646,2023-08-24 13:43:41
1692909409,1692909409-152,152,3006.83856010437,2023-08-24 13:43:44
1692909409,1692909409-153,153,2568.617582321167,2023-08-24 13:43:47
1692909409,1692909409-154,154,2565.694808959961,2023-08-24 13:43:49
1692909409,1692909409-155,155,2593.7891006469727,2023-08-24 13:43:52
1692909409,1692909409-156,156,2610.1062297821045,2023-08-24 13:43:55
1692909409,1692909409-157,157,2642.754554748535,2023-08-24 13:43:57
1692909409,1692909409-158,158,2579.9784660339355,2023-08-24 13:44:00
1692909409,1692909409-159,159,2621.6018199920654,2023-08-24 13:44:02
1692909409,1692909409-160,160,2550.8925914764404,2023-08-24 13:44:05
1692909409,1692909409-161,161,2576.50089263916,2023-08-24 13:44:07
1692909409,1692909409-162,162,2579.6990394592285,2023-08-24 13:44:10
1692909409,1692909409-163,163,2572.195529937744,2023-08-24 13:44:13
1692909409,1692909409-164,164,2577.9967308044434,2023-08-24 13:44:15
1692909409,1692909409-165,165,2630.645990371704,2023-08-24 13:44:18
1692909409,1692909409-166,166,2566.490650177002,2023-08-24 13:44:20
1692909409,1692909409-167,167,2559.5860481262207,2023-08-24 13:44:23
1692909409,1692909409-168,168,2621.3319301605225,2023-08-24 13:44:26
1692909409,1692909409-169,169,2553.0755519866943,2023-08-24 13:44:28
1692909409,1692909409-170,170,2605.8433055877686,2023-08-24 13:44:31
1692909409,1692909409-171,171,2601.9999980926514,2023-08-24 13:44:33
1692909409,1692909409-172,172,2693.0620670318604,2023-08-24 13:44:36
1692909409,1692909409-173,173,2680.5336475372314,2023-08-24 13:44:39
1692909409,1692909409-174,174,2603.219509124756,2023-08-24 13:44:41
1692909409,1692909409-175,175,2629.441261291504,2023-08-24 13:44:44
1692909409,1692909409-176,176,2631.2215328216553,2023-08-24 13:44:47
1692909409,1692909409-177,177,2741.1105632781982,2023-08-24 13:44:49
1692909409,1692909409-178,178,3122.624635696411,2023-08-24 13:44:52
1692909409,1692909409-179,179,2795.5095767974854,2023-08-24 13:44:55
1692909409,1692909409-180,180,2607.7160835266113,2023-08-24 13:44:58
1692909409,1692909409-181,181,2612.971067428589,2023-08-24 13:45:00
1692909409,1692909409-182,182,3114.435911178589,2023-08-24 13:45:04
1692909409,1692909409-183,183,2634.582042694092,2023-08-24 13:45:06
1692909409,1692909409-184,184,2840.158224105835,2023-08-24 13:45:09
1692909409,1692909409-185,185,2580.098867416382,2023-08-24 13:45:12
1692909409,1692909409-186,186,2825.1025676727295,2023-08-24 13:45:14
1692909409,1692909409-187,187,2622.027635574341,2023-08-24 13:45:17
1692909409,1692909409-188,188,2771.8112468719482,2023-08-24 13:45:20
1692909409,1692909409-189,189,2568.3765411376953,2023-08-24 13:45:22
1692909409,1692909409-190,190,2595.877170562744,2023-08-24 13:45:25
1692909409,1692909409-191,191,2685.7008934020996,2023-08-24 13:45:28
1692909409,1692909409-192,192,2585.5979919433594,2023-08-24 13:45:30
1692909409,1692909409-193,193,2571.9821453094482,2023-08-24 13:45:33
1692909409,1692909409-194,194,2575.617790222168,2023-08-24 13:45:35
1692909409,1692909409-195,195,2701.866865158081,2023-08-24 13:45:38
1692909409,1692909409-196,196,2827.6405334472656,2023-08-24 13:45:41
1692909409,1692909409-197,197,2609.6596717834473,2023-08-24 13:45:44
1692909409,1692909409-198,198,2551.003932952881,2023-08-24 13:45:46
1692909409,1692909409-199,199,2610.478639602661,2023-08-24 13:45:49
1692909409,1692909409-200,200,2730.670213699341,2023-08-24 13:45:51
1692909409,1692909409-201,201,2643.2297229766846,2023-08-24 13:45:54
1692909409,1692909409-202,202,2619.497537612915,2023-08-24 13:45:57
1692909409,1692909409-203,203,2983.8316440582275,2023-08-24 13:46:00
1692909409,1692909409-204,204,2564.178943634033,2023-08-24 13:46:02
1692909409,1692909409-205,205,2591.104507446289,2023-08-24 13:46:05
1692909409,1692909409-206,206,2561.3889694213867,2023-08-24 13:46:07
1692909409,1692909409-207,207,2616.6064739227295,2023-08-24 13:46:10
1692909409,1692909409-208,208,2636.608600616455,2023-08-24 13:46:13
1692909409,1692909409-209,209,2704.6689987182617,2023-08-24 13:46:15
1692909409,1692909409-210,210,2557.323217391968,2023-08-24 13:46:18
1692909409,1692909409-211,211,2817.2080516815186,2023-08-24 13:46:21
1692909409,1692909409-212,212,2628.218173980713,2023-08-24 13:46:23
1692909409,1692909409-213,213,2889.0671730041504,2023-08-24 13:46:26
1692909409,1692909409-214,214,2606.598138809204,2023-08-24 13:46:29
1692909409,1692909409-215,215,2644.2885398864746,2023-08-24 13:46:32
1692909409,1692909409-216,216,2590.178966522217,2023-08-24 13:46:34
1692909409,1692909409-217,217,2634.6817016601562,2023-08-24 13:46:37
1692909409,1692909409-218,218,2961.050033569336,2023-08-24 13:46:40
1692909409,1692909409-219,219,2615.787982940674,2023-08-24 13:46:42
1692909409,1692909409-220,220,2718.496561050415,2023-08-24 13:46:45
1692909409,1692909409-221,221,2599.832773208618,2023-08-24 13:46:48
1692909409,1692909409-222,222,2575.6280422210693,2023-08-24 13:46:50
1692909409,1692909409-223,223,2565.255880355835,2023-08-24 13:46:53
1692909409,1692909409-224,224,2648.0143070220947,2023-08-24 13:46:55
1692909409,1692909409-225,225,2621.3512420654297,2023-08-24 13:46:58
1692909409,1692909409-226,226,3194.1909790039062,2023-08-24 13:47:01
1692909409,1692909409-227,227,2816.7672157287598,2023-08-24 13:47:04
1692909409,1692909409-228,228,2564.6934509277344,2023-08-24 13:47:07
1692909409,1692909409-229,229,2560.7619285583496,2023-08-24 13:47:09
1692909409,1692909409-230,230,2667.59991645813,2023-08-24 13:47:12
1692909409,1692909409-231,231,2612.673044204712,2023-08-24 13:47:14
1692909409,1692909409-232,232,2611.4754676818848,2023-08-24 13:47:17
1692909409,1692909409-233,233,3313.432455062866,2023-08-24 13:47:20
1692909409,1692909409-234,234,2617.291212081909,2023-08-24 13:47:23
1692909409,1692909409-235,235,2557.569742202759,2023-08-24 13:47:26
1692909409,1692909409-236,236,3127.660036087036,2023-08-24 13:47:29
1692909409,1692909409-237,237,2562.586545944214,2023-08-24 13:47:31
1692909409,1692909409-238,238,2572.639226913452,2023-08-24 13:47:34
1692909409,1692909409-239,239,2954.575777053833,2023-08-24 13:47:37
1692909409,1692909409-240,240,3325.4308700561523,2023-08-24 13:47:40
1692909409,1692909409-241,241,2566.6918754577637,2023-08-24 13:47:43
1692909409,1692909409-242,242,2620.8512783050537,2023-08-24 13:47:45
1692909409,1692909409-243,243,2667.464017868042,2023-08-24 13:47:48
1692909409,1692909409-244,244,2578.9222717285156,2023-08-24 13:47:51
1692909409,1692909409-245,245,3312.6394748687744,2023-08-24 13:47:54
1692909409,1692909409-246,246,3080.639362335205,2023-08-24 13:47:57
1692909409,1692909409-247,247,2596.6694355010986,2023-08-24 13:48:00
1692909409,1692909409-248,248,2591.449499130249,2023-08-24 13:48:02
1692909409,1692909409-249,249,2598.499059677124,2023-08-24 13:48:05
1692909409,1692909409-250,250,2587.449312210083,2023-08-24 13:48:07
1692909409,1692909409-251,251,2990.1514053344727,2023-08-24 13:48:10
1692909409,1692909409-252,252,2750.580310821533,2023-08-24 13:48:13
1692909409,1692909409-253,253,2837.9671573638916,2023-08-24 13:48:16
1692909409,1692909409-254,254,2635.5597972869873,2023-08-24 13:48:19
1692909409,1692909409-255,255,2574.1348266601562,2023-08-24 13:48:21
1692909409,1692909409-256,256,2587.7223014831543,2023-08-24 13:48:24
1692909409,1692909409-257,257,2574.6073722839355,2023-08-24 13:48:26
1692909409,1692909409-258,258,2636.6915702819824,2023-08-24 13:48:29
1692909409,1692909409-259,259,2575.7524967193604,2023-08-24 13:48:31
1692909409,1692909409-260,260,2709.397792816162,2023-08-24 13:48:34
1692909409,1692909409-261,261,2575.0081539154053,2023-08-24 13:48:37
1692909409,1692909409-262,262,2601.2537479400635,2023-08-24 13:48:39
1692909409,1692909409-263,263,2591.905117034912,2023-08-24 13:48:42
1692909409,1692909409-264,264,2622.640609741211,2023-08-24 13:48:45
1692909409,1692909409-265,265,2629.1024684906006,2023-08-24 13:48:47
1692909409,1692909409-266,266,2698.256731033325,2023-08-24 13:48:50
1692909409,1692909409-267,267,2573.22359085083,2023-08-24 13:48:52
1692909409,1692909409-268,268,3093.2226181030273,2023-08-24 13:48:56
1692909409,1692909409-269,269,2521.3963985443115,2023-08-24 13:48:58
1692909409,1692909409-270,270,2629.568338394165,2023-08-24 13:49:01
1692909409,1692909409-271,271,2581.5653800964355,2023-08-24 13:49:03
1692909409,1692909409-272,272,2575.331449508667,2023-08-24 13:49:06
1692909409,1692909409-273,273,2721.149682998657,2023-08-24 13:49:09
1692909409,1692909409-274,274,2591.797351837158,2023-08-24 13:49:11
1692909409,1692909409-275,275,2588.2742404937744,2023-08-24 13:49:14
1692909409,1692909409-276,276,2649.538040161133,2023-08-24 13:49:16
1692909409,1692909409-277,277,2814.8980140686035,2023-08-24 13:49:19
1692909409,1692909409-278,278,2571.131944656372,2023-08-24 13:49:22
1692909409,1692909409-279,279,2718.245267868042,2023-08-24 13:49:25
1692909409,1692909409-280,280,3011.8212699890137,2023-08-24 13:49:28
1692909409,1692909409-281,281,2720.4995155334473,2023-08-24 13:49:30
1692909409,1692909409-282,282,2571.025848388672,2023-08-24 13:49:33
1692909409,1692909409-283,283,2630.2523612976074,2023-08-24 13:49:35
1692909409,1692909409-284,284,2555.825710296631,2023-08-24 13:49:38
1692909409,1692909409-285,285,2698.723554611206,2023-08-24 13:49:41
1692909409,1692909409-286,286,2568.6252117156982,2023-08-24 13:49:43
1692909409,1692909409-287,287,2953.1373977661133,2023-08-24 13:49:46
1692909409,1692909409-288,288,2658.28275680542,2023-08-24 13:49:49
1692909409,1692909409-289,289,2664.7515296936035,2023-08-24 13:49:52
1692909409,1692909409-290,290,2586.0979557037354,2023-08-24 13:49:54
1692909409,1692909409-291,291,3001.5172958374023,2023-08-24 13:49:57
1692909409,1692909409-292,292,2911.715269088745,2023-08-24 13:50:00
1692909409,1692909409-293,293,2575.4847526550293,2023-08-24 13:50:03
1692909409,1692909409-294,294,2592.390775680542,2023-08-24 13:50:05
1692909409,1692909409-295,295,3165.623188018799,2023-08-24 13:50:08
1692909409,1692909409-296,296,2716.977596282959,2023-08-24 13:50:11
1692909409,1692909409-297,297,2628.6985874176025,2023-08-24 13:50:14
1692909409,1692909409-298,298,2859.4484329223633,2023-08-24 13:50:17
1692909409,1692909409-299,299,3254.3535232543945,2023-08-24 13:50:20
1692909409,1692909409-300,300,2941.107749938965,2023-08-24 13:50:23
1692909409,1692909409-301,301,2585.0086212158203,2023-08-24 13:50:25
1692909409,1692909409-302,302,2649.937868118286,2023-08-24 13:50:28
1692909409,1692909409-303,303,2639.890670776367,2023-08-24 13:50:31
1692909409,1692909409-304,304,2756.5433979034424,2023-08-24 13:50:33
1692909409,1692909409-305,305,3315.1707649230957,2023-08-24 13:50:37
1692909409,1692909409-306,306,2703.505039215088,2023-08-24 13:50:39
1692909409,1692909409-307,307,2734.980821609497,2023-08-24 13:50:42
1692909409,1692909409-308,308,2556.241989135742,2023-08-24 13:50:45
1692909409,1692909409-309,309,2625.7266998291016,2023-08-24 13:50:47
1692909409,1692909409-310,310,2628.5359859466553,2023-08-24 13:50:50
1692909409,1692909409-311,311,2661.677360534668,2023-08-24 13:50:53
1692909409,1692909409-312,312,2653.972387313843,2023-08-24 13:50:55
1692909409,1692909409-313,313,2760.15043258667,2023-08-24 13:50:58
1692909409,1692909409-314,314,2631.404399871826,2023-08-24 13:51:01
1692909409,1692909409-315,315,2875.2732276916504,2023-08-24 13:51:04
1692909409,1692909409-316,316,2643.6381340026855,2023-08-24 13:51:06
1692909409,1692909409-317,317,2827.061176300049,2023-08-24 13:51:09
1692909409,1692909409-318,318,2687.3257160186768,2023-08-24 13:51:12
1692909409,1692909409-319,319,3054.2430877685547,2023-08-24 13:51:15
1692909409,1692909409-320,320,2833.240747451782,2023-08-24 13:51:18
1692909409,1692909409-321,321,2956.3052654266357,2023-08-24 13:51:21
1692909409,1692909409-322,322,2581.2835693359375,2023-08-24 13:51:23
1692909409,1692909409-323,323,2674.368143081665,2023-08-24 13:51:26
1692909409,1692909409-324,324,3137.8121376037598,2023-08-24 13:51:29
1692909409,1692909409-325,325,3000.349283218384,2023-08-24 13:51:32
1692909409,1692909409-326,326,2593.8587188720703,2023-08-24 13:51:35
1692909409,1692909409-327,327,2846.7748165130615,2023-08-24 13:51:37
1692909409,1692909409-328,328,3304.1043281555176,2023-08-24 13:51:41
1692909409,1692909409-329,329,2901.279926300049,2023-08-24 13:51:44
1692909409,1692909409-330,330,2706.1970233917236,2023-08-24 13:51:46
1692909409,1692909409-331,331,2584.028959274292,2023-08-24 13:51:49
1692909409,1692909409-332,332,2883.6448192596436,2023-08-24 13:51:52
1692909409,1692909409-333,333,2633.896589279175,2023-08-24 13:51:54
1692909409,1692909409-334,334,2957.7152729034424,2023-08-24 13:51:57
1692909409,1692909409-335,335,2638.0398273468018,2023-08-24 13:52:00
1692909409,1692909409-336,336,2569.2758560180664,2023-08-24 13:52:03
1692909409,1692909409-337,337,2641.437292098999,2023-08-24 13:52:05
1692909409,1692909409-338,338,2592.851400375366,2023-08-24 13:52:08
1692909409,1692909409-339,339,3066.154956817627,2023-08-24 13:52:11
1692909409,1692909409-340,340,2684.8418712615967,2023-08-24 13:52:14
1692909409,1692909409-341,341,2654.2553901672363,2023-08-24 13:52:16
1692909409,1692909409-342,342,2609.5473766326904,2023-08-24 13:52:19
1692909409,1692909409-343,343,2657.7701568603516,2023-08-24 13:52:22
1692909409,1692909409-344,344,2636.3611221313477,2023-08-24 13:52:24
1692909409,1692909409-345,345,2584.8724842071533,2023-08-24 13:52:27
1692909409,1692909409-346,346,2650.8944034576416,2023-08-24 13:52:29
1692909409,1692909409-347,347,2591.9406414031982,2023-08-24 13:52:32
1692909409,1692909409-348,348,3081.7744731903076,2023-08-24 13:52:35
1692909409,1692909409-349,349,2655.400514602661,2023-08-24 13:52:38
1692909409,1692909409-350,350,2560.688257217407,2023-08-24 13:52:40
1692909409,1692909409-351,351,2592.810869216919,2023-08-24 13:52:43
1692909409,1692909409-352,352,2582.7348232269287,2023-08-24 13:52:45
1692909409,1692909409-353,353,2899.212121963501,2023-08-24 13:52:48
1692909409,1692909409-354,354,2744.0969944000244,2023-08-24 13:52:51
1692909409,1692909409-355,355,2630.476951599121,2023-08-24 13:52:54
1692909409,1692909409-356,356,2674.1280555725098,2023-08-24 13:52:56
1692909409,1692909409-357,357,2692.594051361084,2023-08-24 13:52:59
1692909409,1692909409-358,358,3030.940055847168,2023-08-24 13:53:02
1692909409,1692909409-359,359,2914.289951324463,2023-08-24 13:53:05
1692909409,1692909409-360,360,2836.026906967163,2023-08-24 13:53:08
1692909409,1692909409-361,361,2643.6805725097656,2023-08-24 13:53:11
1692909409,1692909409-362,362,2691.178321838379,2023-08-24 13:53:13
1692909409,1692909409-363,363,2870.128870010376,2023-08-24 13:53:16
1692909409,1692909409-364,364,2592.770576477051,2023-08-24 13:53:19
1692909409,1692909409-365,365,2588.226318359375,2023-08-24 13:53:21
1692909409,1692909409-366,366,2529.665470123291,2023-08-24 13:53:24
1692909409,1692909409-367,367,2559.443950653076,2023-08-24 13:53:26
1692909409,1692909409-368,368,2807.603597640991,2023-08-24 13:53:29
1692909409,1692909409-369,369,2586.8213176727295,2023-08-24 13:53:32
1692909409,1692909409-370,370,2561.05375289917,2023-08-24 13:53:34
1692909409,1692909409-371,371,2931.759834289551,2023-08-24 13:53:37
1692909409,1692909409-372,372,3047.8813648223877,2023-08-24 13:53:40
1692909409,1692909409-373,373,2552.386522293091,2023-08-24 13:53:43
1692909409,1692909409-374,374,2773.66304397583,2023-08-24 13:53:46
1692909409,1692909409-375,375,2723.998546600342,2023-08-24 13:53:48
1692909409,1692909409-376,376,2667.848825454712,2023-08-24 13:53:51
1692909409,1692909409-377,377,2679.6348094940186,2023-08-24 13:53:54
1692909409,1692909409-378,378,2645.636796951294,2023-08-24 13:53:56
1692909409,1692909409-379,379,2661.585807800293,2023-08-24 13:53:59
1692909409,1692909409-380,380,2593.3926105499268,2023-08-24 13:54:02
1692909409,1692909409-381,381,2725.698471069336,2023-08-24 13:54:04
1692909409,1692909409-382,382,2619.616746902466,2023-08-24 13:54:07
1692909409,1692909409-383,383,2964.7789001464844,2023-08-24 13:54:10
1692909409,1692909409-384,384,2654.6905040740967,2023-08-24 13:54:13
1692909409,1692909409-385,385,2624.58872795105,2023-08-24 13:54:15
1692909409,1692909409-386,386,2614.210605621338,2023-08-24 13:54:18
1692909409,1692909409-387,387,2645.2879905700684,2023-08-24 13:54:20
1692909409,1692909409-388,388,2791.233539581299,2023-08-24 13:54:23
1692909409,1692909409-389,389,2684.7524642944336,2023-08-24 13:54:26
1692909409,1692909409-390,390,2647.0959186553955,2023-08-24 13:54:29
1692909409,1692909409-391,391,2567.0578479766846,2023-08-24 13:54:31
1692909409,1692909409-392,392,2566.880941390991,2023-08-24 13:54:34
1692909409,1692909409-393,393,2617.8982257843018,2023-08-24 13:54:36
1692909409,1692909409-394,394,2607.771158218384,2023-08-24 13:54:39
1692909409,1692909409-395,395,2578.81236076355,2023-08-24 13:54:41
1692909409,1692909409-396,396,2607.6271533966064,2023-08-24 13:54:44
1692909409,1692909409-397,397,2574.8565196990967,2023-08-24 13:54:47
1692909409,1692909409-398,398,2573.3931064605713,2023-08-24 13:54:49
1692909409,1692909409-399,399,2577.6889324188232,2023-08-24 13:54:52
1692909409,1692909409-400,400,2645.1573371887207,2023-08-24 13:54:54
1692909409,1692909409-401,401,2630.582094192505,2023-08-24 13:54:57
1692909409,1692909409-402,402,2629.9564838409424,2023-08-24 13:55:00
1692909409,1692909409-403,403,2643.8958644866943,2023-08-24 13:55:02
1692909409,1692909409-404,404,2574.2952823638916,2023-08-24 13:55:05
1692909409,1692909409-405,405,2530.998468399048,2023-08-24 13:55:07
1692909409,1692909409-406,406,2641.5882110595703,2023-08-24 13:55:10
1692909409,1692909409-407,407,2634.9072456359863,2023-08-24 13:55:13
1692909409,1692909409-408,408,2649.9199867248535,2023-08-24 13:55:15
1692909409,1692909409-409,409,2628.8342475891113,2023-08-24 13:55:18
1692909409,1692909409-410,410,2833.1122398376465,2023-08-24 13:55:21
1692909409,1692909409-411,411,2642.2672271728516,2023-08-24 13:55:24
1692909409,1692909409-412,412,2608.3033084869385,2023-08-24 13:55:26
1692909409,1692909409-413,413,2926.806926727295,2023-08-24 13:55:29
1692909409,1692909409-414,414,2656.7864418029785,2023-08-24 13:55:32
1692909409,1692909409-415,415,2888.5693550109863,2023-08-24 13:55:35
1692909409,1692909409-416,416,2581.085681915283,2023-08-24 13:55:37
1692909409,1692909409-417,417,2550.961971282959,2023-08-24 13:55:40
1692909409,1692909409-418,418,2628.596305847168,2023-08-24 13:55:42
1692909409,1692909409-419,419,2700.5128860473633,2023-08-24 13:55:45
1692909409,1692909409-420,420,2665.2512550354004,2023-08-24 13:55:48
1692909409,1692909409-421,421,2621.25301361084,2023-08-24 13:55:50
1692909409,1692909409-422,422,2766.7336463928223,2023-08-24 13:55:53
1692909409,1692909409-423,423,2610.187768936157,2023-08-24 13:55:56
1692909409,1692909409-424,424,2593.9698219299316,2023-08-24 13:55:58
1692909409,1692909409-425,425,2612.22767829895,2023-08-24 13:56:01
1692909409,1692909409-426,426,2599.2932319641113,2023-08-24 13:56:04
1692909409,1692909409-427,427,2603.142261505127,2023-08-24 13:56:06
1692909409,1692909409-428,428,2620.8486557006836,2023-08-24 13:56:09
1692909409,1692909409-429,429,2641.7689323425293,2023-08-24 13:56:11
1692909409,1692909409-430,430,2997.2598552703857,2023-08-24 13:56:14
1692909409,1692909409-431,431,2576.9338607788086,2023-08-24 13:56:17
1692909409,1692909409-432,432,2597.4695682525635,2023-08-24 13:56:20
1692909409,1692909409-433,433,2629.410982131958,2023-08-24 13:56:22
1692909409,1692909409-434,434,2665.933132171631,2023-08-24 13:56:25
1692909409,1692909409-435,435,3194.2431926727295,2023-08-24 13:56:28
1692909409,1692909409-436,436,2621.8438148498535,2023-08-24 13:56:31
1692909409,1692909409-437,437,2633.3415508270264,2023-08-24 13:56:33
1692909409,1692909409-438,438,2576.98392868042,2023-08-24 13:56:36
1692909409,1692909409-439,439,3001.765727996826,2023-08-24 13:56:39
1692909409,1692909409-440,440,2781.208038330078,2023-08-24 13:56:42
1692909409,1692909409-441,441,2655.31325340271,2023-08-24 13:56:44
1692909409,1692909409-442,442,2579.606533050537,2023-08-24 13:56:47
1692909409,1692909409-443,443,2887.0556354522705,2023-08-24 13:56:50
1692909409,1692909409-444,444,2669.0797805786133,2023-08-24 13:56:52
1692909409,1692909409-445,445,2601.550340652466,2023-08-24 13:56:55
1692909409,1692909409-446,446,2766.368627548218,2023-08-24 13:56:58
1692909409,1692909409-447,447,2610.4485988616943,2023-08-24 13:57:00
1692909409,1692909409-448,448,2866.9915199279785,2023-08-24 13:57:03
1692909409,1692909409-449,449,2597.292900085449,2023-08-24 13:57:06
1692909409,1692909409-450,450,2568.071126937866,2023-08-24 13:57:08
1692909409,1692909409-451,451,2574.338912963867,2023-08-24 13:57:11
1692909409,1692909409-452,452,2946.583032608032,2023-08-24 13:57:14
1692909409,1692909409-453,453,2770.4522609710693,2023-08-24 13:57:17
1692909409,1692909409-454,454,2932.5268268585205,2023-08-24 13:57:20
1692909409,1692909409-455,455,3375.6542205810547,2023-08-24 13:57:23
1692909409,1692909409-456,456,2574.5089054107666,2023-08-24 13:57:26
1692909409,1692909409-457,457,2532.245874404907,2023-08-24 13:57:28
1692909409,1692909409-458,458,2882.507801055908,2023-08-24 13:57:31
1692909409,1692909409-459,459,2637.2902393341064,2023-08-24 13:57:34
1692909409,1692909409-460,460,2561.015844345093,2023-08-24 13:57:36
1692909409,1692909409-461,461,3344.247817993164,2023-08-24 13:57:40
1692909409,1692909409-462,462,2559.0310096740723,2023-08-24 13:57:42
1692909409,1692909409-463,463,2587.261438369751,2023-08-24 13:57:45
1692909409,1692909409-464,464,2570.4946517944336,2023-08-24 13:57:47
1692909409,1692909409-465,465,2587.740421295166,2023-08-24 13:57:50
1692909409,1692909409-466,466,2617.990016937256,2023-08-24 13:57:53
1692909409,1692909409-467,467,2602.2329330444336,2023-08-24 13:57:55
1692909409,1692909409-468,468,2586.5015983581543,2023-08-24 13:57:58
1692909409,1692909409-469,469,2587.6240730285645,2023-08-24 13:58:00
1692909409,1692909409-470,470,2671.098470687866,2023-08-24 13:58:03
1692909409,1692909409-471,471,2988.0964756011963,2023-08-24 13:58:06
1692909409,1692909409-472,472,2620.460033416748,2023-08-24 13:58:09
1692909409,1692909409-473,473,2582.235097885132,2023-08-24 13:58:11
1692909409,1692909409-474,474,2569.8771476745605,2023-08-24 13:58:14
1692909409,1692909409-475,475,2541.6064262390137,2023-08-24 13:58:16
1692909409,1692909409-476,476,2848.4721183776855,2023-08-24 13:58:19
1692909409,1692909409-477,477,2594.3636894226074,2023-08-24 13:58:22
1692909409,1692909409-478,478,2638.9522552490234,2023-08-24 13:58:24
1692909409,1692909409-479,479,2653.855562210083,2023-08-24 13:58:27
1692909409,1692909409-480,480,2849.825620651245,2023-08-24 13:58:30
1692909409,1692909409-481,481,2602.2393703460693,2023-08-24 13:58:32
1692909409,1692909409-482,482,2570.894241333008,2023-08-24 13:58:35
1692909409,1692909409-483,483,2588.7651443481445,2023-08-24 13:58:38
1692909409,1692909409-484,484,2798.159599304199,2023-08-24 13:58:40
1692909409,1692909409-485,485,2626.08003616333,2023-08-24 13:58:43
1692909409,1692909409-486,486,2772.289752960205,2023-08-24 13:58:46
1692909409,1692909409-487,487,2636.762857437134,2023-08-24 13:58:48
1692909409,1692909409-488,488,2660.165309906006,2023-08-24 13:58:51
1692909409,1692909409-489,489,2600.358009338379,2023-08-24 13:58:54
1692909409,1692909409-490,490,2621.816873550415,2023-08-24 13:58:56
1692909409,1692909409-491,491,2620.91326713562,2023-08-24 13:58:59
1692909409,1692909409-492,492,2615.267038345337,2023-08-24 13:59:02
1692909409,1692909409-493,493,2577.505350112915,2023-08-24 13:59:04
1692909409,1692909409-494,494,2670.1416969299316,2023-08-24 13:59:07
1692909409,1692909409-495,495,2618.967056274414,2023-08-24 13:59:09
1692909409,1692909409-496,496,3308.6657524108887,2023-08-24 13:59:13
1692909409,1692909409-497,497,3004.04953956604,2023-08-24 13:59:16
1692909409,1692909409-498,498,2595.19100189209,2023-08-24 13:59:18
1692909409,1692909409-499,499,2583.5115909576416,2023-08-24 13:59:21
1692909409,1692909409-500,500,2920.5162525177,2023-08-24 13:59:24
1692909409,1692909409-501,501,3170.745849609375,2023-08-24 13:59:27
1692909409,1692909409-502,502,3129.859685897827,2023-08-24 13:59:30
1692909409,1692909409-503,503,2929.669141769409,2023-08-24 13:59:33
1692909409,1692909409-504,504,2914.47377204895,2023-08-24 13:59:36
1692909409,1692909409-505,505,2644.118309020996,2023-08-24 13:59:39
1692909409,1692909409-506,506,2568.8014030456543,2023-08-24 13:59:41
1692909409,1692909409-507,507,2596.9526767730713,2023-08-24 13:59:44
1692909409,1692909409-508,508,2629.7333240509033,2023-08-24 13:59:46
1692909409,1692909409-509,509,2622.4005222320557,2023-08-24 13:59:49
1692909409,1692909409-510,510,2571.0787773132324,2023-08-24 13:59:52
1692909409,1692909409-511,511,2675.391674041748,2023-08-24 13:59:54
1692909409,1692909409-512,512,3099.463701248169,2023-08-24 13:59:57
1692909409,1692909409-513,513,2542.5965785980225,2023-08-24 14:00:00
1692909409,1692909409-514,514,2687.2220039367676,2023-08-24 14:00:03
1692909409,1692909409-515,515,2642.885208129883,2023-08-24 14:00:05
1692909409,1692909409-516,516,2893.134355545044,2023-08-24 14:00:08
1692909409,1692909409-517,517,2681.107759475708,2023-08-24 14:00:11
1692909409,1692909409-518,518,2638.8349533081055,2023-08-24 14:00:13
1692909409,1692909409-519,519,2605.5564880371094,2023-08-24 14:00:16
1692909409,1692909409-520,520,2595.4558849334717,2023-08-24 14:00:19
1692909409,1692909409-521,521,2618.513584136963,2023-08-24 14:00:21
1692909409,1692909409-522,522,2633.960962295532,2023-08-24 14:00:24
1692909409,1692909409-523,523,2658.353805541992,2023-08-24 14:00:27
1692909409,1692909409-524,524,2576.2007236480713,2023-08-24 14:00:29
1692909409,1692909409-525,525,2583.8468074798584,2023-08-24 14:00:32
1692909409,1692909409-526,526,3143.052101135254,2023-08-24 14:00:35
1692909409,1692909409-527,527,3017.8897380828857,2023-08-24 14:00:38
1692909409,1692909409-528,528,2701.470136642456,2023-08-24 14:00:41
1692909409,1692909409-529,529,2689.7339820861816,2023-08-24 14:00:43
1692909409,1692909409-530,530,2566.8277740478516,2023-08-24 14:00:46
1692909409,1692909409-531,531,2643.024444580078,2023-08-24 14:00:49
1692909409,1692909409-532,532,2631.873607635498,2023-08-24 14:00:51
1692909409,1692909409-533,533,2607.0072650909424,2023-08-24 14:00:54
1692909409,1692909409-534,534,2591.4814472198486,2023-08-24 14:00:56
1692909409,1692909409-535,535,2608.8597774505615,2023-08-24 14:00:59
1692909409,1692909409-536,536,3106.205940246582,2023-08-24 14:01:02
1692909409,1692909409-537,537,2613.7290000915527,2023-08-24 14:01:05
1692909409,1692909409-538,538,3629.378318786621,2023-08-24 14:01:08
1692909409,1692909409-539,539,2559.6933364868164,2023-08-24 14:01:11
1692909409,1692909409-540,540,3205.198049545288,2023-08-24 14:01:14
1692909409,1692909409-541,541,2573.53138923645,2023-08-24 14:01:17
1692909409,1692909409-542,542,2602.177619934082,2023-08-24 14:01:19
1692909409,1692909409-543,543,2615.6857013702393,2023-08-24 14:01:22
1692909409,1692909409-544,544,2614.675283432007,2023-08-24 14:01:24
1692909409,1692909409-545,545,2618.469476699829,2023-08-24 14:01:27
1692909409,1692909409-546,546,2589.113473892212,2023-08-24 14:01:30
1692909409,1692909409-547,547,2704.6425342559814,2023-08-24 14:01:32
1692909409,1692909409-548,548,2670.8624362945557,2023-08-24 14:01:35
1692909409,1692909409-549,549,2591.8755531311035,2023-08-24 14:01:38
1692909409,1692909409-550,550,2649.791717529297,2023-08-24 14:01:40
1692909409,1692909409-551,551,2612.689733505249,2023-08-24 14:01:43
1692909409,1692909409-552,552,3163.8312339782715,2023-08-24 14:01:46
1692909409,1692909409-553,553,2781.7070484161377,2023-08-24 14:01:49
1692909409,1692909409-554,554,2613.452672958374,2023-08-24 14:01:51
1692909409,1692909409-555,555,2541.0618782043457,2023-08-24 14:01:54
1692909409,1692909409-556,556,2842.4878120422363,2023-08-24 14:01:57
1692909409,1692909409-557,557,2667.6173210144043,2023-08-24 14:02:00
1692909409,1692909409-558,558,2661.6287231445312,2023-08-24 14:02:02
1692909409,1692909409-559,559,2799.468994140625,2023-08-24 14:02:05
1692909409,1692909409-560,560,2634.5834732055664,2023-08-24 14:02:08
1692909409,1692909409-561,561,2615.53955078125,2023-08-24 14:02:10
1692909409,1692909409-562,562,2624.4118213653564,2023-08-24 14:02:13
1692909409,1692909409-563,563,2609.877824783325,2023-08-24 14:02:15
1692909409,1692909409-564,564,3313.120126724243,2023-08-24 14:02:19
1692909409,1692909409-565,565,2715.975761413574,2023-08-24 14:02:22
1692909409,1692909409-566,566,2624.218225479126,2023-08-24 14:02:24
1692909409,1692909409-567,567,2582.5328826904297,2023-08-24 14:02:27
1692909409,1692909409-568,568,2625.4563331604004,2023-08-24 14:02:29
1692909409,1692909409-569,569,2559.2262744903564,2023-08-24 14:02:32
1692909409,1692909409-570,570,2735.2993488311768,2023-08-24 14:02:35
1692909409,1692909409-571,571,2620.147705078125,2023-08-24 14:02:37
1692909409,1692909409-572,572,2578.1898498535156,2023-08-24 14:02:40
1692909409,1692909409-573,573,2642.9665088653564,2023-08-24 14:02:42
1692909409,1692909409-574,574,2590.1243686676025,2023-08-24 14:02:45
1692909409,1692909409-575,575,2614.6318912506104,2023-08-24 14:02:48
1692909409,1692909409-576,576,2866.5521144866943,2023-08-24 14:02:51
1692909409,1692909409-577,577,2768.0020332336426,2023-08-24 14:02:53
1692909409,1692909409-578,578,2636.5606784820557,2023-08-24 14:02:56
1692909409,1692909409-579,579,2635.2789402008057,2023-08-24 14:02:59
1692909409,1692909409-580,580,2660.9578132629395,2023-08-24 14:03:01
1692909409,1692909409-581,581,2715.7907485961914,2023-08-24 14:03:04
1692909409,1692909409-582,582,2989.0172481536865,2023-08-24 14:03:07
1692909409,1692909409-583,583,2640.637159347534,2023-08-24 14:03:10
1692909409,1692909409-584,584,2641.9267654418945,2023-08-24 14:03:12
1692909409,1692909409-585,585,2698.4167098999023,2023-08-24 14:03:15
1692909409,1692909409-586,586,2635.3156566619873,2023-08-24 14:03:18
1692909409,1692909409-587,587,3037.6641750335693,2023-08-24 14:03:21
1692909409,1692909409-588,588,2594.0396785736084,2023-08-24 14:03:23
1692909409,1692909409-589,589,2753.669261932373,2023-08-24 14:03:26
1692909409,1692909409-590,590,3217.0870304107666,2023-08-24 14:03:29
1692909409,1692909409-591,591,2629.1399002075195,2023-08-24 14:03:32
1692909409,1692909409-592,592,2640.8560276031494,2023-08-24 14:03:34
1692909409,1692909409-593,593,2636.4285945892334,2023-08-24 14:03:37
1692909409,1692909409-594,594,2641.939640045166,2023-08-24 14:03:40
1692909409,1692909409-595,595,2634.9480152130127,2023-08-24 14:03:42
1692909409,1692909409-596,596,2607.3248386383057,2023-08-24 14:03:45
1692909409,1692909409-597,597,2744.6892261505127,2023-08-24 14:03:48
1692909409,1692909409-598,598,2653.136730194092,2023-08-24 14:03:50
1692909409,1692909409-599,599,2560.713768005371,2023-08-24 14:03:53
1692909409,1692909409-600,600,2592.6995277404785,2023-08-24 14:03:56
1692909409,1692909409-601,601,2619.6868419647217,2023-08-24 14:03:58
1692909409,1692909409-602,602,2813.880443572998,2023-08-24 14:04:01
1692909409,1692909409-603,603,2583.0109119415283,2023-08-24 14:04:04
1692909409,1692909409-604,604,2697.7617740631104,2023-08-24 14:04:06
1692909409,1692909409-605,605,2591.430425643921,2023-08-24 14:04:09
1692909409,1692909409-606,606,2708.2812786102295,2023-08-24 14:04:12
1692909409,1692909409-607,607,2548.0124950408936,2023-08-24 14:04:14
1692909409,1692909409-608,608,2737.9932403564453,2023-08-24 14:04:17
1692909409,1692909409-609,609,2632.014513015747,2023-08-24 14:04:19
1692909409,1692909409-610,610,2593.33872795105,2023-08-24 14:04:22
1692909409,1692909409-611,611,2616.203784942627,2023-08-24 14:04:25
1692909409,1692909409-612,612,2574.327230453491,2023-08-24 14:04:27
1692909409,1692909409-613,613,2596.6126918792725,2023-08-24 14:04:30
1692909409,1692909409-614,614,2558.230400085449,2023-08-24 14:04:32
1692909409,1692909409-615,615,2578.394889831543,2023-08-24 14:04:35
1692909409,1692909409-616,616,2804.683208465576,2023-08-24 14:04:38
1692909409,1692909409-617,617,2680.948495864868,2023-08-24 14:04:40
1692909409,1692909409-618,618,2574.967622756958,2023-08-24 14:04:43
1692909409,1692909409-619,619,2623.5640048980713,2023-08-24 14:04:46
1692909409,1692909409-620,620,2950.731039047241,2023-08-24 14:04:49
1692909409,1692909409-621,621,2607.5737476348877,2023-08-24 14:04:51
1692909409,1692909409-622,622,2590.688705444336,2023-08-24 14:04:54
1692909409,1692909409-623,623,2673.2001304626465,2023-08-24 14:04:56
1692909409,1692909409-624,624,2574.9480724334717,2023-08-24 14:04:59
1692909409,1692909409-625,625,2927.440643310547,2023-08-24 14:05:02
1692909409,1692909409-626,626,2762.6209259033203,2023-08-24 14:05:05
1692909409,1692909409-627,627,2899.973154067993,2023-08-24 14:05:08
1692909409,1692909409-628,628,2585.663318634033,2023-08-24 14:05:10
1692909409,1692909409-629,629,2646.99649810791,2023-08-24 14:05:13
1692909409,1692909409-630,630,2596.813917160034,2023-08-24 14:05:15
1692909409,1692909409-631,631,2614.6976947784424,2023-08-24 14:05:18
1692909409,1692909409-632,632,2583.0819606781006,2023-08-24 14:05:21
1692909409,1692909409-633,633,2980.3645610809326,2023-08-24 14:05:24
1692909409,1692909409-634,634,2623.777151107788,2023-08-24 14:05:26
1692909409,1692909409-635,635,2561.904191970825,2023-08-24 14:05:29
1692909409,1692909409-636,636,2616.339921951294,2023-08-24 14:05:31
1692909409,1692909409-637,637,2702.5532722473145,2023-08-24 14:05:34
1692909409,1692909409-638,638,2586.6739749908447,2023-08-24 14:05:37
1692909409,1692909409-639,639,3203.747034072876,2023-08-24 14:05:40
1692909409,1692909409-640,640,2565.8299922943115,2023-08-24 14:05:43
1692909409,1692909409-641,641,2586.977005004883,2023-08-24 14:05:45
1692909409,1692909409-642,642,3078.0327320098877,2023-08-24 14:05:48
1692909409,1692909409-643,643,2571.0437297821045,2023-08-24 14:05:51
1692909409,1692909409-644,644,2821.133852005005,2023-08-24 14:05:54
1692909409,1692909409-645,645,2569.0250396728516,2023-08-24 14:05:56
1692909409,1692909409-646,646,2575.9737491607666,2023-08-24 14:05:59
1692909409,1692909409-647,647,2602.620840072632,2023-08-24 14:06:01
1692909409,1692909409-648,648,2557.4376583099365,2023-08-24 14:06:04
1692909409,1692909409-649,649,2637.315273284912,2023-08-24 14:06:06
1692909409,1692909409-650,650,2875.394582748413,2023-08-24 14:06:09
1692909409,1692909409-651,651,2633.2945823669434,2023-08-24 14:06:12
1692909409,1692909409-652,652,2624.2823600769043,2023-08-24 14:06:15
1692909409,1692909409-653,653,2855.0686836242676,2023-08-24 14:06:17
1692909409,1692909409-654,654,2908.3685874938965,2023-08-24 14:06:20
1692909409,1692909409-655,655,2603.4576892852783,2023-08-24 14:06:23
1692909409,1692909409-656,656,3126.505136489868,2023-08-24 14:06:26
1692909409,1692909409-657,657,2596.0772037506104,2023-08-24 14:06:29
1692909409,1692909409-658,658,2565.0949478149414,2023-08-24 14:06:31
1692909409,1692909409-659,659,2593.585252761841,2023-08-24 14:06:34
1692909409,1692909409-660,660,2567.727565765381,2023-08-24 14:06:36
1692909409,1692909409-661,661,2593.852996826172,2023-08-24 14:06:39
1692909409,1692909409-662,662,2577.024221420288,2023-08-24 14:06:42
1692909409,1692909409-663,663,2593.388557434082,2023-08-24 14:06:44
1692909409,1692909409-664,664,2573.2245445251465,2023-08-24 14:06:47
1692909409,1692909409-665,665,2569.545030593872,2023-08-24 14:06:49
1692909409,1692909409-666,666,2680.7546615600586,2023-08-24 14:06:52
1692909409,1692909409-667,667,2869.389533996582,2023-08-24 14:06:55
1692909409,1692909409-668,668,2788.0351543426514,2023-08-24 14:06:58
1692909409,1692909409-669,669,2622.020721435547,2023-08-24 14:07:00
1692909409,1692909409-670,670,2582.2019577026367,2023-08-24 14:07:03
1692909409,1692909409-671,671,2654.876947402954,2023-08-24 14:07:06
1692909409,1692909409-672,672,2637.0186805725098,2023-08-24 14:07:08
1692909409,1692909409-673,673,2589.933395385742,2023-08-24 14:07:11
1692909409,1692909409-674,674,2607.3696613311768,2023-08-24 14:07:13
1692909409,1692909409-675,675,2621.7520236968994,2023-08-24 14:07:16
1692909409,1692909409-676,676,2628.0651092529297,2023-08-24 14:07:19
1692909409,1692909409-677,677,2717.1828746795654,2023-08-24 14:07:21
1692909409,1692909409-678,678,2579.6520709991455,2023-08-24 14:07:24
1692909409,1692909409-679,679,3329.2648792266846,2023-08-24 14:07:27
1692909409,1692909409-680,680,2876.6860961914062,2023-08-24 14:07:30
1692909409,1692909409-681,681,2795.1431274414062,2023-08-24 14:07:33
1692909409,1692909409-682,682,2590.702772140503,2023-08-24 14:07:36
1692909409,1692909409-683,683,2583.6005210876465,2023-08-24 14:07:38
1692909409,1692909409-684,684,2643.3424949645996,2023-08-24 14:07:41
1692909409,1692909409-685,685,2803.5309314727783,2023-08-24 14:07:44
1692909409,1692909409-686,686,2574.788808822632,2023-08-24 14:07:46
1692909409,1692909409-687,687,2569.4875717163086,2023-08-24 14:07:49
1692909409,1692909409-688,688,2560.1413249969482,2023-08-24 14:07:51
1692909409,1692909409-689,689,2640.4032707214355,2023-08-24 14:07:54
1692909409,1692909409-690,690,2601.252317428589,2023-08-24 14:07:57
1692909409,1692909409-691,691,2576.111078262329,2023-08-24 14:07:59
1692909409,1692909409-692,692,2615.7398223876953,2023-08-24 14:08:02
1692909409,1692909409-693,693,2574.1236209869385,2023-08-24 14:08:04
1692909409,1692909409-694,694,2599.173069000244,2023-08-24 14:08:07
1692909409,1692909409-695,695,2560.8370304107666,2023-08-24 14:08:09
1692909409,1692909409-696,696,2583.0447673797607,2023-08-24 14:08:12
1692909409,1692909409-697,697,2627.483367919922,2023-08-24 14:08:15
1692909409,1692909409-698,698,2639.52374458313,2023-08-24 14:08:17
1692909409,1692909409-699,699,2749.603033065796,2023-08-24 14:08:20
1692909409,1692909409-700,700,3035.9973907470703,2023-08-24 14:08:23
1692909409,1692909409-701,701,2695.563316345215,2023-08-24 14:08:26
1692909409,1692909409-702,702,2674.6151447296143,2023-08-24 14:08:28
1692909409,1692909409-703,703,2590.343952178955,2023-08-24 14:08:31
1692909409,1692909409-704,704,2570.842742919922,2023-08-24 14:08:34
1692909409,1692909409-705,705,2555.908679962158,2023-08-24 14:08:36
1692909409,1692909409-706,706,2598.3798503875732,2023-08-24 14:08:39
1692909409,1692909409-707,707,2596.0922241210938,2023-08-24 14:08:41
1692909409,1692909409-708,708,3220.3314304351807,2023-08-24 14:08:45
1692909409,1692909409-709,709,2763.3328437805176,2023-08-24 14:08:47
1692909409,1692909409-710,710,2775.8564949035645,2023-08-24 14:08:50
1692909409,1692909409-711,711,2657.2015285491943,2023-08-24 14:08:53
1692909409,1692909409-712,712,2600.3639698028564,2023-08-24 14:08:55
1692909409,1692909409-713,713,2630.6803226470947,2023-08-24 14:08:58
1692909409,1692909409-714,714,2557.631015777588,2023-08-24 14:09:01
1692909409,1692909409-715,715,2596.3644981384277,2023-08-24 14:09:03
1692909409,1692909409-716,716,2610.145330429077,2023-08-24 14:09:06
1692909409,1692909409-717,717,2584.9297046661377,2023-08-24 14:09:08
1692909409,1692909409-718,718,2580.87420463562,2023-08-24 14:09:11
1692909409,1692909409-719,719,2630.463123321533,2023-08-24 14:09:14
1692909409,1692909409-720,720,2577.0254135131836,2023-08-24 14:09:16
1692909409,1692909409-721,721,3137.216329574585,2023-08-24 14:09:19
1692909409,1692909409-722,722,2565.4661655426025,2023-08-24 14:09:22
1692909409,1692909409-723,723,3178.701400756836,2023-08-24 14:09:25
1692909409,1692909409-724,724,2726.2470722198486,2023-08-24 14:09:28
1692909409,1692909409-725,725,2587.650775909424,2023-08-24 14:09:30
1692909409,1692909409-726,726,2600.0633239746094,2023-08-24 14:09:33
1692909409,1692909409-727,727,3005.88321685791,2023-08-24 14:09:36
1692909409,1692909409-728,728,2650.1457691192627,2023-08-24 14:09:39
1692909409,1692909409-729,729,2603.5897731781006,2023-08-24 14:09:41
1692909409,1692909409-730,730,3303.9374351501465,2023-08-24 14:09:44
1692909409,1692909409-731,731,2600.970983505249,2023-08-24 14:09:47
1692909409,1692909409-732,732,3003.27730178833,2023-08-24 14:09:50
1692909409,1692909409-733,733,3346.9693660736084,2023-08-24 14:09:53
1692909409,1692909409-734,734,2569.7686672210693,2023-08-24 14:09:56
1692909409,1692909409-735,735,2597.6223945617676,2023-08-24 14:09:59
1692909409,1692909409-736,736,2652.393579483032,2023-08-24 14:10:01
1692909409,1692909409-737,737,2571.526288986206,2023-08-24 14:10:04
1692909409,1692909409-738,738,2643.000364303589,2023-08-24 14:10:06
1692909409,1692909409-739,739,2577.205181121826,2023-08-24 14:10:09
1692909409,1692909409-740,740,2708.2889080047607,2023-08-24 14:10:12
1692909409,1692909409-741,741,2661.6010665893555,2023-08-24 14:10:14
1692909409,1692909409-742,742,2937.7987384796143,2023-08-24 14:10:17
1692909409,1692909409-743,743,2600.4133224487305,2023-08-24 14:10:20
1692909409,1692909409-744,744,2641.17693901062,2023-08-24 14:10:23
1692909409,1692909409-745,745,2677.255630493164,2023-08-24 14:10:25
1692909409,1692909409-746,746,2653.1405448913574,2023-08-24 14:10:28
1692909409,1692909409-747,747,2902.4124145507812,2023-08-24 14:10:31
1692909409,1692909409-748,748,2818.012475967407,2023-08-24 14:10:34
1692909409,1692909409-749,749,2604.264497756958,2023-08-24 14:10:36
1692909409,1692909409-750,750,3303.4543991088867,2023-08-24 14:10:40
1692909409,1692909409-751,751,3030.146598815918,2023-08-24 14:10:43
1692909409,1692909409-752,752,2629.5557022094727,2023-08-24 14:10:45
1692909409,1692909409-753,753,2658.2043170928955,2023-08-24 14:10:48
1692909409,1692909409-754,754,2635.765790939331,2023-08-24 14:10:51
1692909409,1692909409-755,755,2558.8014125823975,2023-08-24 14:10:53
1692909409,1692909409-756,756,2869.5228099823,2023-08-24 14:10:56
1692909409,1692909409-757,757,2921.858787536621,2023-08-24 14:10:59
1692909409,1692909409-758,758,2621.854782104492,2023-08-24 14:11:01
1692909409,1692909409-759,759,2599.989891052246,2023-08-24 14:11:04
1692909409,1692909409-760,760,2841.080904006958,2023-08-24 14:11:07
1692909409,1692909409-761,761,3305.936336517334,2023-08-24 14:11:10
1692909409,1692909409-762,762,2671.349287033081,2023-08-24 14:11:13
1692909409,1692909409-763,763,2643.5656547546387,2023-08-24 14:11:16
1692909409,1692909409-764,764,2624.851703643799,2023-08-24 14:11:18
1692909409,1692909409-765,765,2532.3708057403564,2023-08-24 14:11:21
1692909409,1692909409-766,766,2605.4491996765137,2023-08-24 14:11:23
1692909409,1692909409-767,767,2620.4476356506348,2023-08-24 14:11:26
1692909409,1692909409-768,768,2574.7201442718506,2023-08-24 14:11:29
1692909409,1692909409-769,769,2580.6758403778076,2023-08-24 14:11:31
1692909409,1692909409-770,770,2744.058609008789,2023-08-24 14:11:34
1692909409,1692909409-771,771,2603.1363010406494,2023-08-24 14:11:36
1692909409,1692909409-772,772,2573.554515838623,2023-08-24 14:11:39
1692909409,1692909409-773,773,2852.1201610565186,2023-08-24 14:11:42
1692909409,1692909409-774,774,2640.7506465911865,2023-08-24 14:11:45
1692909409,1692909409-775,775,2561.755657196045,2023-08-24 14:11:47
1692909409,1692909409-776,776,2750.0202655792236,2023-08-24 14:11:50
1692909409,1692909409-777,777,2937.8044605255127,2023-08-24 14:11:53
1692909409,1692909409-778,778,2726.4745235443115,2023-08-24 14:11:55
1692909409,1692909409-779,779,2730.253219604492,2023-08-24 14:11:58
1692909409,1692909409-780,780,2647.1962928771973,2023-08-24 14:12:01
1692909409,1692909409-781,781,2868.51167678833,2023-08-24 14:12:04
1692909409,1692909409-782,782,2583.5418701171875,2023-08-24 14:12:06
1692909409,1692909409-783,783,2601.994752883911,2023-08-24 14:12:09
1692909409,1692909409-784,784,2606.2803268432617,2023-08-24 14:12:12
1692909409,1692909409-785,785,2975.386619567871,2023-08-24 14:12:14
1692909409,1692909409-786,786,2888.723134994507,2023-08-24 14:12:17
1692909409,1692909409-787,787,2590.794086456299,2023-08-24 14:12:20
1692909409,1692909409-788,788,2580.227851867676,2023-08-24 14:12:23
1692909409,1692909409-789,789,2599.160671234131,2023-08-24 14:12:25
1692909409,1692909409-790,790,2587.862253189087,2023-08-24 14:12:28
1692909409,1692909409-791,791,2599.2627143859863,2023-08-24 14:12:30
1692909409,1692909409-792,792,2597.471237182617,2023-08-24 14:12:33
1692909409,1692909409-793,793,2579.7481536865234,2023-08-24 14:12:36
1692909409,1692909409-794,794,2607.088327407837,2023-08-24 14:12:38
1692909409,1692909409-795,795,2630.0911903381348,2023-08-24 14:12:41
1692909409,1692909409-796,796,2655.287027359009,2023-08-24 14:12:43
1692909409,1692909409-797,797,2573.4992027282715,2023-08-24 14:12:46
1692909409,1692909409-798,798,2996.5949058532715,2023-08-24 14:12:49
1692909409,1692909409-799,799,2875.145435333252,2023-08-24 14:12:52
1692909409,1692909409-800,800,3021.8257904052734,2023-08-24 14:12:55
1692909409,1692909409-801,801,2660.3214740753174,2023-08-24 14:12:58
1692909409,1692909409-802,802,3022.887945175171,2023-08-24 14:13:01
1692909409,1692909409-803,803,2967.9062366485596,2023-08-24 14:13:04
1692909409,1692909409-804,804,2629.2335987091064,2023-08-24 14:13:06
1692909409,1692909409-805,805,2697.063446044922,2023-08-24 14:13:09
1692909409,1692909409-806,806,2748.603105545044,2023-08-24 14:13:12
1692909409,1692909409-807,807,2743.649482727051,2023-08-24 14:13:14
1692909409,1692909409-808,808,2552.6211261749268,2023-08-24 14:13:17
1692909409,1692909409-809,809,2624.997854232788,2023-08-24 14:13:20
1692909409,1692909409-810,810,2740.4398918151855,2023-08-24 14:13:22
1692909409,1692909409-811,811,2612.509250640869,2023-08-24 14:13:25
1692909409,1692909409-812,812,2576.951265335083,2023-08-24 14:13:27
1692909409,1692909409-813,813,2599.1833209991455,2023-08-24 14:13:30
1692909409,1692909409-814,814,2636.1045837402344,2023-08-24 14:13:33
1692909409,1692909409-815,815,2589.338779449463,2023-08-24 14:13:35
1692909409,1692909409-816,816,2617.4728870391846,2023-08-24 14:13:38
1692909409,1692909409-817,817,3059.1204166412354,2023-08-24 14:13:41
1692909409,1692909409-818,818,3322.244644165039,2023-08-24 14:13:44
1692909409,1692909409-819,819,2568.8600540161133,2023-08-24 14:13:47
1692909409,1692909409-820,820,2572.1535682678223,2023-08-24 14:13:49
1692909409,1692909409-821,821,2848.6123085021973,2023-08-24 14:13:52
1692909409,1692909409-822,822,2864.837408065796,2023-08-24 14:13:55
1692909409,1692909409-823,823,2609.257936477661,2023-08-24 14:13:58
1692909409,1692909409-824,824,2926.1302947998047,2023-08-24 14:14:01
1692909409,1692909409-825,825,2564.6421909332275,2023-08-24 14:14:03
1692909409,1692909409-826,826,2917.590856552124,2023-08-24 14:14:06
1692909409,1692909409-827,827,2881.671667098999,2023-08-24 14:14:09
1692909409,1692909409-828,828,2746.53697013855,2023-08-24 14:14:12
1692909409,1692909409-829,829,2594.771385192871,2023-08-24 14:14:14
1692909409,1692909409-830,830,2580.498456954956,2023-08-24 14:14:17
1692909409,1692909409-831,831,2568.2928562164307,2023-08-24 14:14:20
1692909409,1692909409-832,832,2653.296709060669,2023-08-24 14:14:22
1692909409,1692909409-833,833,2592.743396759033,2023-08-24 14:14:25
1692909409,1692909409-834,834,2874.7482299804688,2023-08-24 14:14:28
1692909409,1692909409-835,835,2599.2212295532227,2023-08-24 14:14:30
1692909409,1692909409-836,836,3108.539342880249,2023-08-24 14:14:33
1692909409,1692909409-837,837,3147.3398208618164,2023-08-24 14:14:36
1692909409,1692909409-838,838,2623.3620643615723,2023-08-24 14:14:39
1692909409,1692909409-839,839,2620.668888092041,2023-08-24 14:14:42
1692909409,1692909409-840,840,2618.0269718170166,2023-08-24 14:14:44
1692909409,1692909409-841,841,2617.746353149414,2023-08-24 14:14:47
1692909409,1692909409-842,842,2611.7875576019287,2023-08-24 14:14:50
1692909409,1692909409-843,843,2596.074342727661,2023-08-24 14:14:52
1692909409,1692909409-844,844,2591.9525623321533,2023-08-24 14:14:55
1692909409,1692909409-845,845,2865.7374382019043,2023-08-24 14:14:58
1692909409,1692909409-846,846,2637.9141807556152,2023-08-24 14:15:00
1692909409,1692909409-847,847,2884.320020675659,2023-08-24 14:15:03
1692909409,1692909409-848,848,2701.0233402252197,2023-08-24 14:15:06
1692909409,1692909409-849,849,3032.416582107544,2023-08-24 14:15:09
1692909409,1692909409-850,850,2575.6773948669434,2023-08-24 14:15:11
1692909409,1692909409-851,851,2602.7822494506836,2023-08-24 14:15:14
1692909409,1692909409-852,852,2640.6474113464355,2023-08-24 14:15:17
1692909409,1692909409-853,853,3367.7501678466797,2023-08-24 14:15:20
1692909409,1692909409-854,854,2802.0589351654053,2023-08-24 14:15:23
1692909409,1692909409-855,855,2649.1451263427734,2023-08-24 14:15:26
1692909409,1692909409-856,856,3340.407371520996,2023-08-24 14:15:29
1692909409,1692909409-857,857,2738.891124725342,2023-08-24 14:15:32
1692909409,1692909409-858,858,2707.406759262085,2023-08-24 14:15:34
1692909409,1692909409-859,859,2635.7736587524414,2023-08-24 14:15:37
1692909409,1692909409-860,860,2595.1285362243652,2023-08-24 14:15:40
1692909409,1692909409-861,861,2646.6195583343506,2023-08-24 14:15:42
1692909409,1692909409-862,862,2914.1645431518555,2023-08-24 14:15:45
1692909409,1692909409-863,863,2789.9458408355713,2023-08-24 14:15:48
1692909409,1692909409-864,864,2573.4341144561768,2023-08-24 14:15:50
1692909409,1692909409-865,865,3004.2564868927,2023-08-24 14:15:53
1692909409,1692909409-866,866,2653.0520915985107,2023-08-24 14:15:56
1692909409,1692909409-867,867,2574.695348739624,2023-08-24 14:15:59
1692909409,1692909409-868,868,2581.9778442382812,2023-08-24 14:16:01
1692909409,1692909409-869,869,2559.743881225586,2023-08-24 14:16:04
1692909409,1692909409-870,870,3073.247194290161,2023-08-24 14:16:07
1692909409,1692909409-871,871,2599.2207527160645,2023-08-24 14:16:10
1692909409,1692909409-872,872,2646.5914249420166,2023-08-24 14:16:12
1692909409,1692909409-873,873,2639.3842697143555,2023-08-24 14:16:15
1692909409,1692909409-874,874,2568.6087608337402,2023-08-24 14:16:17
1692909409,1692909409-875,875,3230.6649684906006,2023-08-24 14:16:21
1692909409,1692909409-876,876,2598.073720932007,2023-08-24 14:16:23
1692909409,1692909409-877,877,2589.343786239624,2023-08-24 14:16:26
1692909409,1692909409-878,878,2689.715623855591,2023-08-24 14:16:28
1692909409,1692909409-879,879,2814.8367404937744,2023-08-24 14:16:31
1692909409,1692909409-880,880,3382.209300994873,2023-08-24 14:16:35
1692909409,1692909409-881,881,2673.560857772827,2023-08-24 14:16:37
1692909409,1692909409-882,882,2581.669569015503,2023-08-24 14:16:40
1692909409,1692909409-883,883,2606.72664642334,2023-08-24 14:16:43
1692909409,1692909409-884,884,2669.0008640289307,2023-08-24 14:16:45
1692909409,1692909409-885,885,2587.6212120056152,2023-08-24 14:16:48
1692909409,1692909409-886,886,2595.21222114563,2023-08-24 14:16:50
1692909409,1692909409-887,887,2630.8467388153076,2023-08-24 14:16:53
1692909409,1692909409-888,888,2624.2778301239014,2023-08-24 14:16:56
1692909409,1692909409-889,889,2620.5806732177734,2023-08-24 14:16:58
1692909409,1692909409-890,890,2587.897777557373,2023-08-24 14:17:01
1692909409,1692909409-891,891,2677.618980407715,2023-08-24 14:17:04
1692909409,1692909409-892,892,2598.3052253723145,2023-08-24 14:17:06
1692909409,1692909409-893,893,2621.5908527374268,2023-08-24 14:17:09
1692909409,1692909409-894,894,2609.081029891968,2023-08-24 14:17:11
1692909409,1692909409-895,895,2568.05157661438,2023-08-24 14:17:14
1692909409,1692909409-896,896,2780.2157402038574,2023-08-24 14:17:17
1692909409,1692909409-897,897,2595.8292484283447,2023-08-24 14:17:19
1692909409,1692909409-898,898,2615.02742767334,2023-08-24 14:17:22
1692909409,1692909409-899,899,2964.493751525879,2023-08-24 14:17:25
1692909409,1692909409-900,900,2901.9434452056885,2023-08-24 14:17:28
1692909409,1692909409-901,901,2584.428310394287,2023-08-24 14:17:30
1692909409,1692909409-902,902,3314.0690326690674,2023-08-24 14:17:34
1692909409,1692909409-903,903,3243.2122230529785,2023-08-24 14:17:37
1692909409,1692909409-904,904,2773.411273956299,2023-08-24 14:17:40
1692909409,1692909409-905,905,2598.1485843658447,2023-08-24 14:17:42
1692909409,1692909409-906,906,3132.6253414154053,2023-08-24 14:17:45
1692909409,1692909409-907,907,3091.5634632110596,2023-08-24 14:17:49
1692909409,1692909409-908,908,2655.4338932037354,2023-08-24 14:17:51
1692909409,1692909409-909,909,3165.2796268463135,2023-08-24 14:17:54
1692909409,1692909409-910,910,2729.7773361206055,2023-08-24 14:17:57
1692909409,1692909409-911,911,2706.56418800354,2023-08-24 14:18:00
1692909409,1692909409-912,912,2558.8111877441406,2023-08-24 14:18:02
1692909409,1692909409-913,913,2648.8466262817383,2023-08-24 14:18:05
1692909409,1692909409-914,914,2590.461492538452,2023-08-24 14:18:08
1692909409,1692909409-915,915,2601.4726161956787,2023-08-24 14:18:10
1692909409,1692909409-916,916,2624.7124671936035,2023-08-24 14:18:13
1692909409,1692909409-917,917,2651.185989379883,2023-08-24 14:18:15
1692909409,1692909409-918,918,2620.448112487793,2023-08-24 14:18:18
1692909409,1692909409-919,919,2642.4527168273926,2023-08-24 14:18:21
1692909409,1692909409-920,920,3017.5626277923584,2023-08-24 14:18:24
1692909409,1692909409-921,921,3062.472343444824,2023-08-24 14:18:27
1692909409,1692909409-922,922,3148.761510848999,2023-08-24 14:18:30
1692909409,1692909409-923,923,2835.292339324951,2023-08-24 14:18:33
1692909409,1692909409-924,924,3061.580181121826,2023-08-24 14:18:36
1692909409,1692909409-925,925,2572.493314743042,2023-08-24 14:18:38
1692909409,1692909409-926,926,2701.805830001831,2023-08-24 14:18:41
1692909409,1692909409-927,927,2776.1332988739014,2023-08-24 14:18:44
1692909409,1692909409-928,928,3092.9207801818848,2023-08-24 14:18:47
1692909409,1692909409-929,929,2911.1557006835938,2023-08-24 14:18:50
1692909409,1692909409-930,930,2628.2260417938232,2023-08-24 14:18:53
1692909409,1692909409-931,931,2686.034917831421,2023-08-24 14:18:55
1692909409,1692909409-932,932,2569.0667629241943,2023-08-24 14:18:58
1692909409,1692909409-933,933,2575.8187770843506,2023-08-24 14:19:00
1692909409,1692909409-934,934,2590.1222229003906,2023-08-24 14:19:03
1692909409,1692909409-935,935,2853.994607925415,2023-08-24 14:19:06
1692909409,1692909409-936,936,2744.718313217163,2023-08-24 14:19:09
1692909409,1692909409-937,937,2838.038444519043,2023-08-24 14:19:11
1692909409,1692909409-938,938,2605.5092811584473,2023-08-24 14:19:14
1692909409,1692909409-939,939,2788.4750366210938,2023-08-24 14:19:17
1692909409,1692909409-940,940,2621.899127960205,2023-08-24 14:19:19
1692909409,1692909409-941,941,2563.9941692352295,2023-08-24 14:19:22
1692909409,1692909409-942,942,2631.0784816741943,2023-08-24 14:19:25
1692909409,1692909409-943,943,2574.0840435028076,2023-08-24 14:19:27
1692909409,1692909409-944,944,2579.763889312744,2023-08-24 14:19:30
1692909409,1692909409-945,945,2649.000406265259,2023-08-24 14:19:32
1692909409,1692909409-946,946,2580.4426670074463,2023-08-24 14:19:35
1692909409,1692909409-947,947,2633.9476108551025,2023-08-24 14:19:38
1692909409,1692909409-948,948,2628.8771629333496,2023-08-24 14:19:40
1692909409,1692909409-949,949,2639.274835586548,2023-08-24 14:19:43
1692909409,1692909409-950,950,2711.9853496551514,2023-08-24 14:19:46
1692909409,1692909409-951,951,2755.6803226470947,2023-08-24 14:19:48
1692909409,1692909409-952,952,2591.315269470215,2023-08-24 14:19:51
1692909409,1692909409-953,953,2578.9215564727783,2023-08-24 14:19:54
1692909409,1692909409-954,954,3009.1323852539062,2023-08-24 14:19:57
1692909409,1692909409-955,955,2593.890905380249,2023-08-24 14:19:59
1692909409,1692909409-956,956,2571.3908672332764,2023-08-24 14:20:02
1692909409,1692909409-957,957,2623.454809188843,2023-08-24 14:20:04
1692909409,1692909409-958,958,2560.155153274536,2023-08-24 14:20:07
1692909409,1692909409-959,959,2568.5431957244873,2023-08-24 14:20:09
1692909409,1692909409-960,960,2578.923225402832,2023-08-24 14:20:12
1692909409,1692909409-961,961,2562.5176429748535,2023-08-24 14:20:15
1692909409,1692909409-962,962,2758.794069290161,2023-08-24 14:20:17
1692909409,1692909409-963,963,2624.6979236602783,2023-08-24 14:20:20
1692909409,1692909409-964,964,2748.9359378814697,2023-08-24 14:20:23
1692909409,1692909409-965,965,2865.589141845703,2023-08-24 14:20:26
1692909409,1692909409-966,966,3124.1438388824463,2023-08-24 14:20:29
1692909409,1692909409-967,967,2589.106798171997,2023-08-24 14:20:31
1692909409,1692909409-968,968,2587.4032974243164,2023-08-24 14:20:34
1692909409,1692909409-969,969,2818.1116580963135,2023-08-24 14:20:37
1692909409,1692909409-970,970,2604.4869422912598,2023-08-24 14:20:39
1692909409,1692909409-971,971,2618.842124938965,2023-08-24 14:20:42
1692909409,1692909409-972,972,2676.2595176696777,2023-08-24 14:20:45
1692909409,1692909409-973,973,2647.6550102233887,2023-08-24 14:20:47
1692909409,1692909409-974,974,2667.4258708953857,2023-08-24 14:20:50
1692909409,1692909409-975,975,3030.2345752716064,2023-08-24 14:20:53
1692909409,1692909409-976,976,2624.408721923828,2023-08-24 14:20:56
1692909409,1692909409-977,977,2650.9084701538086,2023-08-24 14:20:58
1692909409,1692909409-978,978,2923.138380050659,2023-08-24 14:21:01
1692909409,1692909409-979,979,2618.943929672241,2023-08-24 14:21:04
1692909409,1692909409-980,980,2588.2022380828857,2023-08-24 14:21:06
1692909409,1692909409-981,981,2644.6595191955566,2023-08-24 14:21:09
1692909409,1692909409-982,982,2658.9877605438232,2023-08-24 14:21:12
1692909409,1692909409-983,983,2574.310779571533,2023-08-24 14:21:14
1692909409,1692909409-984,984,2621.142864227295,2023-08-24 14:21:17
1692909409,1692909409-985,985,3071.815013885498,2023-08-24 14:21:20
1692909409,1692909409-986,986,2872.667074203491,2023-08-24 14:21:23
1692909409,1692909409-987,987,3304.9192428588867,2023-08-24 14:21:26
1692909409,1692909409-988,988,2587.728977203369,2023-08-24 14:21:29
1692909409,1692909409-989,989,2853.921413421631,2023-08-24 14:21:32
1692909409,1692909409-990,990,2875.8251667022705,2023-08-24 14:21:34
1692909409,1692909409-991,991,2675.4212379455566,2023-08-24 14:21:37
1692909409,1692909409-992,992,2614.525556564331,2023-08-24 14:21:40
1692909409,1692909409-993,993,2779.74009513855,2023-08-24 14:21:43
1692909409,1692909409-994,994,3111.8297576904297,2023-08-24 14:21:46
1692909409,1692909409-995,995,2639.434814453125,2023-08-24 14:21:48
1692909409,1692909409-996,996,2635.6582641601562,2023-08-24 14:21:51
1692909409,1692909409-997,997,2669.583559036255,2023-08-24 14:21:54
1692909409,1692909409-998,998,2574.4693279266357,2023-08-24 14:21:56
1692909409,1692909409-999,999,2589.935779571533,2023-08-24 14:21:59
1692909409,1692909409-1000,1000,2590.626001358032,2023-08-24 14:22:01
